date,Open,High,Low,Close,Adj Close,Volume,Return
2019-10-01,91.9800033569336,92.0999984741211,90.7699966430664,90.81999969482422,84.17076873779297,99100,1.0
2019-10-02,90.12000274658205,90.12000274658205,88.73999786376953,89.0199966430664,82.50255584716797,17900,0.9801805432965621
2019-10-03,89.18000030517578,89.9000015258789,88.56999969482422,89.9000015258789,83.31813049316406,60800,0.9898700927985387
2019-10-04,90.20999908447266,90.94000244140624,90.06999969482422,90.79000091552734,84.14298248291016,17300,0.9996696897225537
2019-10-07,90.6999969482422,91.05999755859376,90.5500030517578,90.73999786376952,84.09662628173828,13900,0.9991191165896991
2019-10-08,89.8499984741211,89.9800033569336,89.41999816894531,89.44000244140625,82.89180755615234,21400,0.9848051391978081
2019-10-09,90.06999969482422,90.3499984741211,89.8499984741211,89.9800033569336,83.39228057861328,20100,0.9907509762088395
2019-10-10,90.0,91.0199966430664,89.83999633789062,90.7699966430664,84.12443542480469,20600,0.9994494268671457
2019-10-11,91.76000213623048,92.48999786376952,91.44000244140624,91.9499969482422,85.21803283691406,480600,1.0124421631492515
2019-10-14,91.58000183105467,92.0500030517578,91.58000183105467,91.79000091552734,85.06974029541016,38100,1.0106804803343157
2019-10-15,92.19000244140624,92.9499969482422,92.01000213623048,92.70999908447266,85.92239379882812,334300,1.020810387535777
2019-10-16,92.66999816894533,92.91000366210938,92.45999908447266,92.51000213623048,85.7370376586914,95100,1.018608263015691
2019-10-17,93.18000030517578,93.18000030517578,92.76000213623048,93.05999755859376,86.24676513671875,69900,1.0246641474487608
2019-10-18,92.80999755859376,92.8499984741211,92.31999969482422,92.6500015258789,85.86679077148438,15700,1.0201497669808843
2019-10-21,93.1999969482422,93.23999786376952,93.0,93.1999969482422,86.37651062011719,38600,1.0262056514139541
2019-10-22,93.5,93.5,92.79000091552734,92.79000091552734,85.99654388427734,15800,1.0216912709460777
2019-10-23,92.9499969482422,93.31999969482422,92.70999908447266,93.23999786376952,86.41358947753906,28800,1.0266460931191042
2019-10-24,93.5,93.56999969482422,93.16000366210938,93.48999786376952,86.6452865600586,27800,1.0293987907720448
2019-10-25,93.3000030517578,93.79000091552734,93.20999908447266,93.72000122070312,86.85844421386719,12300,1.031931309575243
2019-10-28,94.11000061035156,94.3000030517578,94.06999969482422,94.0999984741211,87.21062469482422,22500,1.0361153797656728
2019-10-29,94.04000091552734,94.38999938964844,94.02999877929688,94.20999908447266,87.31256866455078,56600,1.03732657345342
2019-10-30,94.3499984741211,94.55999755859376,93.87999725341795,94.55999755859376,87.63694763183594,31300,1.0411803333664038
2019-10-31,94.4800033569336,94.5,93.73999786376952,94.12000274658205,87.22916412353516,38700,1.036335642621081
2019-11-01,94.86000061035156,95.11000061035156,94.70999908447266,95.11000061035156,88.14668273925781,67300,1.047236301805139
2019-11-04,95.7699966430664,95.7699966430664,95.4000015258789,95.41999816894533,88.4339828491211,132700,1.0506496200129722
2019-11-05,95.44000244140624,95.66000366210938,95.23999786376952,95.4499969482422,88.46179962158203,66000,1.0509799302904186
2019-11-06,95.4499969482422,95.52999877929688,95.19000244140624,95.4800033569336,88.48959350585938,283000,1.0513103245735305
2019-11-07,95.81999969482422,96.05999755859376,95.62000274658205,95.66000366210938,88.65642547607422,48700,1.0532922702438743
2019-11-08,95.62999725341795,95.80999755859376,95.43000030517578,95.76000213623048,88.74910736083984,31700,1.0543933325039176
2019-11-11,95.5999984741211,95.83000183105467,95.36000061035156,95.6999969482422,88.6934814453125,31400,1.0537326279433592
2019-11-12,95.83999633789062,96.05999755859376,95.48999786376952,95.8499984741211,88.83251190185547,31600,1.0553842633362565
2019-11-13,95.47000122070312,95.83999633789062,95.18000030517578,95.8000030517578,88.78617095947266,47600,1.0548337742090677
2019-11-14,95.5999984741211,95.6999969482422,95.47000122070312,95.66999816894533,88.6656723022461,41600,1.0534023176659129
2019-11-15,96.1999969482422,96.4800033569336,96.02999877929688,96.4800033569336,89.41638946533203,46600,1.0623211151852925
2019-11-18,96.36000061035156,96.58000183105467,96.13999938964844,96.38999938964844,89.33296966552734,77700,1.061330100347288
2019-11-19,96.75,96.75,96.26000213623048,96.47000122070312,89.40711212158203,49600,1.0622109837575886
2019-11-20,96.19000244140624,96.26000213623048,95.58000183105467,96.01000213623048,88.98078918457031,35600,1.057146030156858
2019-11-21,96.05999755859376,96.05999755859376,95.58999633789062,95.7699966430664,88.75836181640625,42100,1.0545033799259558
2019-11-22,96.05999755859376,96.11000061035156,95.81999969482422,95.97000122070312,88.9437255859375,36200,1.0567055884517076
2019-11-25,96.27999877929688,96.80999755859376,96.27999877929688,96.7300033569336,89.64808654785156,53100,1.065073812838233
2019-11-26,96.86000061035156,96.97000122070312,96.6500015258789,96.80999755859376,89.72222900390625,214900,1.0659546122428682
2019-11-27,97.11000061035156,97.3499984741211,97.01000213623048,97.3499984741211,90.22269439697266,57900,1.0719004492538995
2019-11-29,96.94000244140624,97.0999984741211,96.76000213623048,96.76000213623048,89.67589569091797,34300,1.0654041231156797
2019-12-02,96.87999725341795,96.9800033569336,95.81999969482422,96.1500015258789,89.11054992675781,150900,1.0586875341220514
2019-12-03,95.29000091552734,95.61000061035156,94.9000015258789,95.61000061035156,88.6100845336914,156700,1.05274169711102
2019-12-04,95.98999786376952,96.3499984741211,95.9000015258789,96.26000213623048,89.21247863769531,198600,1.0598987278097987
2019-12-05,96.45999908447266,96.45999908447266,96.01000213623048,96.37999725341795,89.32369995117188,79300,1.0612199689195836
2019-12-06,97.08999633789062,97.2699966430664,97.0,97.0999984741211,89.9909896850586,117400,1.0691477516009589
2019-12-09,97.02999877929688,97.2300033569336,96.75,96.75,89.66661834716797,90400,1.0652939916879753
2019-12-10,96.8499984741211,96.9499969482422,96.4499969482422,96.70999908447266,89.62954711914062,121900,1.064853549982825
2019-12-11,96.7699966430664,97.18000030517578,96.7699966430664,97.1500015258789,90.0373306274414,98300,1.0696983247338134
2019-12-12,97.0199966430664,98.0,97.0,97.75,90.59341430664062,80600,1.0763047822997374
2019-12-13,98.06999969482422,98.5,97.7699966430664,98.19000244140624,91.00119018554688,102600,1.0811495570507255
2019-12-16,98.02999877929688,98.1999969482422,97.91000366210938,98.05999755859376,91.73555755615234,108300,1.0797181005075709
2019-12-17,98.01000213623048,98.01000213623048,97.76000213623048,97.7699966430664,91.46426391601562,61200,1.0765249611494798
2019-12-18,97.93000030517578,97.95999908447266,97.70999908447266,97.70999908447266,91.40813446044922,50900,1.0758643405945871
2019-12-19,97.70999908447266,98.08999633789062,97.70999908447266,98.04000091552734,91.71685028076172,651900,1.0794979216578282
2019-12-20,98.47000122070312,98.63999938964844,98.27999877929688,98.51000213623048,92.15653228759766,107100,1.084673006686263
2019-12-23,98.68000030517578,98.68000030517578,98.36000061035156,98.4800033569336,92.12847137451172,127000,1.0843426964088165
2019-12-24,98.7300033569336,98.7699966430664,98.25,98.52999877929688,92.1752471923828,28900,1.0848931855360053
2019-12-26,98.7699966430664,98.9000015258789,98.62999725341795,98.9000015258789,92.5213851928711,53000,1.0889672083043969
2019-12-27,99.29000091552734,99.30999755859376,98.91000366210938,99.06999969482422,92.680419921875,47600,1.0908390225470366
2019-12-30,99.08000183105467,99.08000183105467,98.33000183105467,98.33000183105467,91.98814392089844,180100,1.082691061015919
2019-12-31,98.41000366210938,98.8000030517578,98.20999908447266,98.77999877929688,92.40911102294922,63600,1.0876458831889457
2020-01-02,99.08000183105467,99.56999969482422,99.08000183105467,99.52999877929688,93.11074829101562,126500,1.0959039761477674
2020-01-03,98.38999938964844,99.1500015258789,98.38999938964844,98.69000244140624,92.3249282836914,50200,1.0866549523566065
2020-01-06,98.31999969482422,99.25,98.31999969482422,99.25,92.84880828857422,175600,1.0928209682173804
2020-01-07,99.0199966430664,99.16000366210938,98.79000091552734,98.98999786376952,92.60558319091795,123900,1.0899581391367357
2020-01-08,99.0199966430664,99.66999816894533,98.94000244140624,99.2699966430664,92.86750030517578,38500,1.0930411470671229
2020-01-09,99.7699966430664,99.88999938964844,99.54000091552734,99.83999633789062,93.40074920654295,200300,1.0993172943556004
2020-01-10,99.95999908447266,99.95999908447266,99.36000061035156,99.44000244140624,93.02655792236328,75500,1.094913045315428
2020-01-13,99.72000122070312,100.08000183105467,99.54000091552734,100.08000183105467,93.62528228759766,90200,1.1019599445865025
2020-01-14,99.91000366210938,100.29000091552734,99.80999755859376,99.87999725341795,93.43817901611328,262900,1.0997577360607507
2020-01-15,99.9800033569336,100.3000030517578,99.87999725341795,100.0199966430664,93.5691375732422,31600,1.1012992400259443
2020-01-16,100.55999755859376,100.81999969482422,100.36000061035156,100.81999969482422,94.31755065917967,62400,1.1101079061176202
2020-01-17,101.11000061035156,101.16000366210938,100.77999877929688,101.16000366210938,94.6356201171875,28400,1.1138516186085654
2020-01-21,100.83000183105467,100.94000244140624,100.55999755859376,100.62999725341795,94.13980102539062,108500,1.1080158290195723
2020-01-22,101.0,101.0999984741211,100.68000030517578,100.80999755859376,94.30818939208984,41600,1.1099977746899163
2020-01-23,100.4499969482422,100.76000213623048,100.1500015258789,100.7300033569336,94.2333526611328,22300,1.1091169752852812
2020-01-24,101.06999969482422,101.06999969482422,99.68000030517578,100.05999755859376,93.60657501220705,52600,1.101739681731095
2020-01-27,97.94000244140624,98.70999908447266,97.66999816894533,98.3499984741211,92.00685119628906,339800,1.0829112398656615
2020-01-28,98.6999969482422,99.51000213623048,98.5999984741211,99.26000213623048,92.85816192626952,47300,1.0929310996450847
2020-01-29,99.51000213623048,99.72000122070312,99.12000274658205,99.29000091552734,92.88623046875,23500,1.0932614099225308
2020-01-30,98.56999969482422,99.4499969482422,98.37999725341795,99.44000244140624,93.02655792236328,154100,1.094913045315428
2020-01-31,98.94000244140624,98.94000244140624,97.58000183105467,97.7300033569336,91.42683410644533,253500,1.0760846034499951
2020-02-03,98.08000183105467,98.83000183105467,98.08000183105467,98.26000213623048,91.92266845703124,420200,1.0819203090333227
2020-02-04,99.69000244140624,100.20999908447266,99.5199966430664,100.01000213623048,93.55979919433594,130500,1.1011891926039061
2020-02-05,100.86000061035156,101.08000183105467,100.5,100.94000244140624,94.42982482910156,234200,1.1114292312330711
2020-02-06,101.23999786376952,101.41000366210938,101.0500030517578,101.3000030517578,94.7666015625,38000,1.1153931225737588
2020-02-07,100.94000244140624,101.0500030517578,100.55999755859376,100.62999725341795,94.13980102539062,82000,1.1080158290195723
2020-02-10,100.62000274658205,101.2300033569336,100.4800033569336,101.13999938964844,94.6169204711914,47800,1.1136313557531574
2020-02-11,101.80999755859376,102.0,101.51000213623048,101.61000061035156,95.05660247802734,21600,1.118806440781592
2020-02-12,102.12999725341795,102.19000244140624,101.93000030517578,102.12000274658205,95.5337142944336,14700,1.1244219675151772
2020-02-13,101.52999877929688,102.13999938964844,101.52999877929688,101.79000091552734,95.22500610351562,26000,1.120788386451936
2020-02-14,102.0500030517578,102.0500030517578,101.63999938964844,101.91999816894533,95.34661102294922,77900,1.1222197589894254
2020-02-18,101.72000122070312,101.91999816894533,101.29000091552734,101.62999725341795,95.07530212402344,195800,1.1190266196313343
2020-02-19,102.06999969482422,102.27999877929688,101.87000274658205,102.02999877929688,95.44950103759766,123900,1.1234309526771724
2020-02-20,101.91000366210938,102.0999984741211,100.8499984741211,101.5999984741211,95.04724884033205,54500,1.118696309353888
2020-02-21,101.27999877929688,101.3000030517578,100.61000061035156,100.88999938964844,94.3830337524414,39000,1.110878658100217
2020-02-24,97.4499969482422,98.20999908447266,96.80999755859376,97.38999938964844,91.10877990722656,241000,1.07234089095905
2020-02-25,97.73999786376952,97.83000183105467,94.52999877929688,94.77999877929688,88.66709899902344,58600,1.0436027207418976
2020-02-26,95.2699966430664,96.1999969482422,94.36000061035156,94.5,88.40515899658203,301200,1.040519712811511
2020-02-27,92.69000244140624,93.83999633789062,90.93000030517578,90.97000122070312,85.10283660888672,1234500,1.0016516353928975
2020-02-28,88.3499984741211,90.27999877929688,87.68000030517578,89.66999816894531,83.88667297363281,805300,0.9873375739953405
2020-03-02,90.68000030517578,93.25,89.72000122070312,93.2300033569336,87.21707916259766,499300,1.026536045697066
2020-03-03,93.80999755859376,95.1500015258789,90.62000274658205,91.12999725341795,85.25251007080078,199700,1.003413318207833
2020-03-04,93.16999816894533,94.7300033569336,92.48999786376952,94.5999984741211,88.49871063232422,190600,1.0416207750715538
2020-03-05,92.4499969482422,93.23999786376952,91.19000244140624,91.7300033569336,85.81380462646484,64000,1.010019859779423
2020-03-06,89.55999755859375,90.45999908447266,88.5,90.3000030517578,84.4760513305664,159400,0.9942744258443765
2020-03-09,84.1500015258789,85.80999755859375,82.69000244140625,82.81999969482422,77.47846984863281,194800,0.9119136751059038
2020-03-10,86.29000091552734,86.72000122070312,82.83000183105469,86.55000305175781,80.9679183959961,216800,0.9529839610502691
2020-03-11,84.48999786376953,84.88999938964844,81.41999816894531,82.23999786376953,76.93589782714844,176800,0.9055273963897221
2020-03-12,76.94000244140625,78.0,73.62000274658203,73.66000366210938,68.90925598144531,813500,0.8110548767851099
2020-03-13,78.94000244140625,79.62999725341797,74.13999938964844,79.62999725341797,74.49422454833984,430900,0.8767892261725699
2020-03-16,70.12999725341797,75.11000061035156,70.12999725341797,70.56999969482422,66.01853942871094,284000,0.7770314901118192
2020-03-17,72.33999633789062,75.01000213623047,70.2699966430664,74.56999969482422,69.76055908203125,364000,0.8210746525588671
2020-03-18,70.0999984741211,72.05999755859375,67.58000183105469,70.41999816894531,65.87821197509766,257000,0.7753798547189217
2020-03-19,70.33000183105469,72.5999984741211,68.6500015258789,70.94999694824219,66.37403869628906,258400,0.781215560302249
2020-03-20,72.16999816894531,72.91000366210938,68.61000061035156,68.62999725341797,64.20365905761719,242100,0.7556705294431878
2020-03-23,69.20999908447266,69.20999908447266,66.37999725341797,67.38999938964844,63.04363250732422,1064800,0.7420171726061893
2020-03-24,71.12999725341797,73.52999877929688,70.86000061035156,73.5199966430664,68.77827453613281,611700,0.8095132888142508
2020-03-25,73.73999786376953,77.19000244140625,72.69999694824219,74.83999633789062,70.01315307617188,440900,0.82404752906155
2020-03-26,75.66000366210938,79.30000305175781,75.66000366210938,79.0199966430664,73.92355346679688,320700,0.8700726371789419
2020-03-27,76.29000091552734,78.31999969482422,75.91000366210938,76.62000274658203,71.6783447265625,371400,0.8436468069152456
2020-03-30,77.01000213623047,78.8499984741211,76.5199966430664,78.62999725341797,73.55870819091797,302600,0.8657784355608079
2020-03-31,78.08999633789062,79.19000244140625,77.41999816894531,77.93000030517578,72.90386962890625,326500,0.8580709157348408
2020-04-01,75.56999969482422,75.91000366210938,73.93000030517578,74.4000015258789,69.60153198242188,359600,0.8192028383162274
2020-04-02,74.43000030517578,76.18000030517578,74.0999984741211,75.93000030517578,71.03285217285156,245100,0.8360493345113168
2020-04-03,75.54000091552734,76.01000213623047,73.94000244140625,74.7699966430664,69.94766998291016,763300,0.8232767770789533
2020-04-06,77.56999969482422,79.77999877929688,77.37000274658203,79.48999786376953,74.36324310302734,430700,0.8752477222073766
2020-04-07,82.19000244140625,82.23999786376953,79.62999725341797,79.62999725341797,74.49422454833984,103000,0.8767892261725699
2020-04-08,80.2699966430664,81.9000015258789,79.76000213623047,81.52999877929688,76.27168273925781,51200,0.897709745136051
2020-04-09,82.93000030517578,83.7699966430664,82.3499984741211,83.0199966430664,77.66556549072266,367300,0.91411579962599
2020-04-13,82.66000366210938,83.16999816894531,81.45999908447266,82.31999969482422,77.0107192993164,67700,0.9064082798000228
2020-04-14,83.86000061035156,84.75,83.54000091552734,84.38999938964844,78.94720458984375,248500,0.9292006130061435
2020-04-15,82.72000122070312,82.88999938964844,82.0199966430664,82.4800033569336,77.160400390625,35300,0.9081700466206243
2020-04-16,82.8499984741211,82.88999938964844,81.83000183105469,82.69999694824219,77.3662109375,180200,0.9105923499904528
2020-04-17,84.76000213623047,85.13999938964844,83.81999969482422,84.87000274658203,79.3962631225586,385100,0.9344858294622822
2020-04-20,83.69999694824219,84.95999908447266,83.56999969482422,83.66000366210938,78.26429748535156,135500,0.9211627829027301
2020-04-21,82.05999755859375,82.62000274658203,81.04000091552734,81.36000061035156,76.11264038085938,85100,0.8958379308934111
2020-04-22,82.83000183105469,83.43000030517578,82.45999908447266,82.97000122070312,77.61880493164062,35400,0.9135653104988013
2020-04-23,83.41999816894531,84.37000274658203,82.81999969482422,82.93000030517578,77.58138275146484,59000,0.913124868793651
2020-04-24,83.31999969482422,84.05000305175781,82.77999877929688,83.8499984741211,78.44204711914062,355900,0.9232547759951122
2020-04-27,84.44000244140625,85.45999908447266,84.38999938964844,85.11000061035156,79.62077331542969,302900,0.9371283956875187
2020-04-28,86.44000244140625,86.68000030517578,85.11000061035156,85.16000366210938,79.66755676269531,46400,0.9376789688203732
2020-04-29,87.0,88.08999633789062,86.7300033569336,87.41000366210938,81.77243041992188,97500,0.9624532476968377
2020-04-30,86.62999725341797,86.87000274658203,85.91000366210938,86.36000061035156,80.7901611328125,400800,0.9508918839522212
2020-05-01,84.61000061035156,84.98999786376953,83.76000213623047,84.12999725341797,78.70397186279297,344700,0.926337783925499
2020-05-04,83.51000213623047,84.36000061035156,83.26000213623047,84.30000305175781,78.86302185058594,329400,0.9282096821738045
2020-05-05,85.19000244140625,85.70999908447266,84.76000213623047,84.76000213623047,79.29336547851562,532600,0.9332746357745352
2020-05-06,85.29000091552734,85.56999969482422,84.19999694824219,84.19999694824219,78.76947021484375,333200,0.9271085359080958
2020-05-07,85.23999786376953,85.93000030517578,85.22000122070312,85.30999755859375,79.80786895751953,125600,0.9393305202076049
2020-05-08,86.5199966430664,87.04000091552734,86.18000030517578,87.01000213623047,81.39823150634766,386100,0.9580489146509997
2020-05-11,86.41000366210938,87.37999725341797,86.26000213623047,87.05999755859375,81.44500732421875,246500,0.9585994037781884
2020-05-12,87.33000183105469,87.4000015258789,85.43000030517578,85.43000030517578,79.92013549804688,82500,0.940651845323056
2020-05-13,85.5,85.58999633789062,83.5199966430664,84.0999984741211,78.6759262084961,93900,0.9260074736480527
2020-05-14,83.08999633789062,84.5,82.26000213623047,84.5,79.05012512207031,63000,0.9304118066938907
2020-05-15,84.04000091552734,84.87000274658203,83.76000213623047,84.87000274658203,79.3962631225586,24200,0.9344858294622822
2020-05-18,86.73999786376953,88.04000091552734,86.73999786376953,87.61000061035156,81.95954895019531,101200,0.9646553722169238
2020-05-19,87.4000015258789,87.7300033569336,86.61000061035156,86.66999816894531,81.08016204833984,130900,0.9543052021600544
2020-05-20,87.94999694824219,88.55999755859375,87.91000366210938,88.26000213623047,82.56761932373047,162200,0.9718124029157023
2020-05-21,88.0999984741211,88.33000183105469,87.23999786376953,87.44000244140625,81.80049896240234,107400,0.962783557974284
2020-05-22,87.2699966430664,87.51000213623047,86.87999725341797,87.45999908447266,81.8192138671875,78800,0.9630037368240264
2020-05-26,89.69999694824219,89.70999908447266,88.95999908447266,89.08999633789062,83.34407806396484,37400,0.9809512952791588
2020-05-27,90.0999984741211,90.37999725341795,88.7699966430664,90.37999725341795,84.55088806152344,29100,0.9951552252490116
2020-05-28,90.80999755859376,91.68000030517578,90.36000061035156,90.5500030517578,84.70992279052734,109600,0.997027123497317
2020-05-29,90.4499969482422,90.79000091552734,89.5,90.6999969482422,84.8502426147461,26000,0.9986786748845491
2020-06-01,90.81999969482422,91.6999969482422,90.70999908447266,91.66000366210938,85.74833679199219,57700,1.0092491077968262
2020-06-02,92.01000213623048,92.4800033569336,91.73999786376952,92.4800033569336,86.51544189453125,62500,1.0182779527382444
2020-06-03,93.25,94.20999908447266,93.20999908447266,93.9499969482422,87.89063262939453,27600,1.0344637443727756
2020-06-04,93.56999969482422,94.13999938964844,93.1999969482422,93.58999633789062,87.55384826660156,17200,1.030499853032088
2020-06-05,95.4499969482422,96.16000366210938,95.43000030517578,95.7300033569336,89.55583190917969,67800,1.054063022226471
2020-06-08,96.13999938964844,96.95999908447266,95.79000091552734,96.9000015258789,90.65038299560548,110400,1.0669456270808728
2020-06-09,95.75,96.37000274658205,95.58000183105467,96.0,89.80841827392578,58800,1.057035898729154
2020-06-10,96.16999816894533,96.4499969482422,95.45999908447266,95.6500015258789,89.48099517822266,112200,1.0531821388161704
2020-06-11,93.41000366210938,93.45999908447266,90.13999938964844,90.22000122070312,84.40120697021484,122000,0.993393542434076
2020-06-12,92.69000244140624,92.77999877929688,89.94000244140625,91.52999877929688,85.62671661376953,146400,1.0078176512536712
2020-06-15,88.79000091552734,91.48999786376952,88.5,91.33999633789062,86.31560516357422,215400,1.0057255741556232
2020-06-16,93.75,93.75,91.63999938964844,92.86000061035156,87.75200653076172,73300,1.0224620229286745
2020-06-17,93.33999633789062,93.4800033569336,92.66000366210938,92.7699966430664,87.66694641113281,60300,1.0214710080906697
2020-06-18,92.25,92.73999786376952,92.16000366210938,92.6999969482422,87.60079956054688,48000,1.0207002561080731
2020-06-19,93.79000091552734,93.79000091552734,91.93000030517578,92.2300033569336,87.15666961669922,33800,1.015525255085304
2020-06-22,92.33999633789062,93.04000091552734,91.9000015258789,92.98999786376952,87.87484741210938,115800,1.0238933954661638
2020-06-23,93.87999725341795,94.02999877929688,93.33000183105467,93.4000015258789,88.2623062133789,51600,1.0284078599397057
2020-06-24,92.66000366210938,92.79000091552734,90.56999969482422,90.98999786376952,85.98487091064453,28800,1.0018718142426397
2020-06-25,90.83999633789062,92.20999908447266,90.4000015258789,92.13999938964844,87.07160186767578,77700,1.0145342402472992
2020-06-26,91.8000030517578,91.81999969482422,90.08000183105467,90.16000366210938,85.20051574707031,43500,0.9927329218791833
2020-06-29,90.68000030517578,91.27999877929688,90.16000366210938,91.25,86.2305679321289,252400,1.0047346433232842
2020-06-30,91.0500030517578,92.44000244140624,91.04000091552734,92.13999938964844,87.07160186767578,104400,1.0145342402472992
2020-07-01,92.29000091552734,92.94000244140624,92.26000213623048,92.66000366210938,87.56300354003906,54400,1.0202598984085882
2020-07-02,93.83000183105467,94.31999969482422,93.20999908447266,93.36000061035156,88.22449493408203,82800,1.0279674182345555
2020-07-06,94.75,94.91000366210938,94.44000244140624,94.8000030517578,89.58528900146484,42500,1.0438229835973056
2020-07-07,94.3000030517578,94.83999633789062,93.73999786376952,93.80999755859376,88.64973449707031,77700,1.0329222404075822
2020-07-08,94.0,94.62000274658205,93.86000061035156,94.61000061035156,89.4057388305664,192500,1.041730906499258
2020-07-09,94.62999725341795,94.6500015258789,93.01000213623048,93.9800033569336,88.81038665771484,53500,1.0347941386558874
2020-07-10,94.08000183105467,94.97000122070312,93.75,94.93000030517578,89.70813751220703,21300,1.0452543561347951
2020-07-13,95.51000213623048,96.20999908447266,94.04000091552734,94.08000183105467,88.90489196777344,125100,1.0358952009159303
2020-07-14,93.83999633789062,95.4499969482422,93.6500015258789,95.37999725341795,90.13338470458984,192700,1.0502091783078216
2020-07-15,96.61000061035156,96.7699966430664,95.75,96.37999725341795,91.078369140625,62800,1.0612199689195836
2020-07-16,95.68000030517578,96.11000061035156,95.61000061035156,95.94000244140624,90.66256713867188,222700,1.056375278174261
2020-07-17,96.20999908447266,96.37000274658205,95.72000122070312,96.25,90.9555206298828,224300,1.0597885963820943
2020-07-20,96.23999786376952,97.18000030517578,96.05999755859376,97.0,91.66426849365234,34600,1.068046689340916
2020-07-21,97.6500015258789,97.76000213623048,97.01000213623048,97.19000244140624,91.84381866455078,43700,1.0701387664389637
2020-07-22,97.08000183105467,97.72000122070312,97.08000183105467,97.66000366210938,92.28797149658205,37300,1.0753138514673983
2020-07-23,97.5199966430664,97.70999908447266,96.29000091552734,96.55999755859376,91.24846649169922,18300,1.0632019145899279
2020-07-24,95.88999938964844,96.1999969482422,95.58999633789062,95.95999908447266,90.68147277832033,66800,1.0565954570240035
2020-07-27,96.43000030517578,96.9499969482422,96.41999816894533,96.87999725341795,91.55086517333984,14700,1.0667253642254646
2020-07-28,96.61000061035156,96.9800033569336,96.25,96.25,90.9555206298828,24500,1.0597885963820943
2020-07-29,96.68000030517578,97.56999969482422,96.5999984741211,97.37000274658205,92.01390838623048,20400,1.0721207121093077
2020-07-30,96.0,96.9000015258789,95.4499969482422,96.79000091552734,91.4658203125,471800,1.0657344333931258
2020-07-31,97.05999755859376,97.05999755859376,95.48999786376952,96.6500015258789,91.33352661132812,180000,1.0641929294279324
2020-08-03,97.37000274658205,97.83999633789062,97.19000244140624,97.69000244140624,92.31631469726562,9900,1.0756441617448447
2020-08-04,97.4499969482422,98.1500015258789,97.4499969482422,98.1500015258789,92.7510223388672,14500,1.0807091153455755
2020-08-05,98.75,99.0,98.5500030517578,98.75,93.3180160522461,30600,1.0873155729114994
2020-08-06,98.55999755859376,99.22000122070312,98.4499969482422,99.16000366210938,93.70545196533205,14300,1.0918300373850414
2020-08-07,98.66999816894533,98.93000030517578,98.31999969482422,98.8499984741211,93.41250610351562,76300,1.0884166351715425
2020-08-10,99.1500015258789,99.38999938964844,98.7300033569336,99.13999938964844,93.68655395507812,24500,1.0916097745296334
2020-08-11,100.0,100.04000091552734,98.68000030517578,98.7300033569336,93.29911041259766,22900,1.0870953940617571
2020-08-12,99.97000122070312,100.62000274658205,99.93000030517578,100.33999633789062,94.8205337524414,110800,1.1048226896614814
2020-08-13,100.23999786376952,100.58999633789062,100.0,100.23999786376952,94.72603607177734,28800,1.1037216274014383
2020-08-14,99.9499969482422,100.12999725341795,99.66999816894533,99.97000122070312,94.47090911865234,31200,1.1007487508987557
2020-08-17,100.41000366210938,100.66000366210938,100.37999725341795,100.63999938964844,95.10403442382812,224200,1.1081259604472764
2020-08-18,100.94000244140624,100.9800033569336,100.33999633789062,100.7699966430664,95.22689819335938,90900,1.1095573329847659
2020-08-19,100.98999786376952,101.12000274658205,100.27999877929688,100.30999755859376,94.7921905517578,54900,1.1044923793840353
2020-08-20,99.75,100.62999725341795,99.48999786376952,100.5199966430664,94.99063873291016,10100,1.1068046353318253
2020-08-21,100.05999755859376,100.61000061035156,99.9800033569336,100.58999633789062,95.05680847167967,27200,1.107575387314422
2020-08-24,101.58000183105467,101.58999633789062,101.1500015258789,101.58999633789062,96.00178527832033,33800,1.118586177926184
2020-08-25,101.97000122070312,101.97000122070312,101.36000061035156,101.91000366210938,96.3041763305664,52800,1.122109711567387
2020-08-26,102.11000061035156,102.93000030517578,101.98999786376952,102.83999633789062,97.18302154541016,27500,1.1323496661908865
2020-08-27,102.9800033569336,103.1500015258789,102.23999786376952,102.70999908447266,97.0601806640625,215600,1.1309182936533972
2020-08-28,103.1999969482422,103.4000015258789,102.80999755859376,103.31999969482422,97.63662719726562,20500,1.1376348826470253
2020-08-31,103.2699966430664,103.94000244140624,102.9000015258789,102.95999908447266,97.29642486572266,62600,1.1336709913063376
2020-09-01,103.30999755859376,103.83999633789062,102.87000274658205,103.83999633789062,98.12802124023438,59600,1.1433604568026485
2020-09-02,104.44000244140624,105.12999725341795,103.9499969482422,105.04000091552734,99.26200103759766,42900,1.1565734559401624
2020-09-03,104.58000183105467,104.69000244140624,101.12000274658205,101.83999633789062,96.23802185058594,81700,1.1213388755791245
2020-09-04,101.94000244140624,102.0999984741211,99.12000274658205,101.1500015258789,95.58599853515624,64200,1.1137414871808615
2020-09-08,99.36000061035156,99.83000183105467,98.68000030517578,98.8000030517578,93.36527252197266,56000,1.0878661460443537
2020-09-09,100.06999969482422,101.33999633789062,99.97000122070312,100.61000061035156,95.07569885253906,190900,1.10779565016983
2020-09-10,101.26000213623048,101.5,99.02999877929688,99.12999725341795,93.67710876464844,37900,1.0914996431019293
2020-09-11,99.80999755859376,100.05999755859376,98.66000366210938,99.38999938964844,93.92279815673828,427900,1.094362472182574
2020-09-14,100.51000213623048,101.13999938964844,100.2699966430664,100.70999908447266,95.17019653320312,279000,1.1088967124298732
2020-09-15,101.66999816894533,101.75,100.9800033569336,101.30999755859376,95.7371826171875,22300,1.1155031699957974
2020-09-16,101.73999786376952,102.0,100.88999938964844,100.9800033569336,95.42534637451172,18800,1.1118696729382216
2020-09-17,99.77999877929688,100.63999938964844,99.51000213623048,100.37000274658205,94.84890747070312,16100,1.1051530839445938
2020-09-18,100.51000213623048,100.51000213623048,98.93000030517578,99.51000213623048,94.03620147705078,24300,1.0956837972980251
2020-09-21,97.63999938964844,97.87999725341795,96.31999969482422,97.8499984741211,92.46752166748048,84800,1.0774058445597805
2020-09-22,98.22000122070312,98.66999816894533,97.41999816894533,98.51000213623048,93.0912094116211,41800,1.084673006686263
2020-09-23,98.73999786376952,98.79000091552734,96.43000030517578,96.5500030517578,91.23902893066406,107900,1.063091867167889
2020-09-24,96.3000030517578,97.56999969482422,95.79000091552734,96.7699966430664,91.4469223022461,46900,1.0655141705377178
2020-09-25,96.5500030517578,98.05999755859376,96.16999816894533,97.95999908447266,92.57146453857422,601300,1.0786170382475275
2020-09-28,99.27999877929688,99.72000122070312,99.04000091552734,99.54000091552734,94.0645523071289,159900,1.0960141075754712
2020-09-29,99.56999969482422,99.7300033569336,99.0,99.20999908447266,93.7527084350586,23300,1.0923805265122302
2020-09-30,99.16999816894533,100.2699966430664,99.16999816894533,99.5199966430664,94.04564666748048,22900,1.0957938447200632
2020-10-01,100.18000030517578,100.3499984741211,99.6999969482422,100.12999725341795,94.6220932006836,57300,1.1025104337136913
2020-10-02,98.58999633789062,99.88999938964844,98.58999633789062,99.4000015258789,93.93224334716795,40500,1.0944726036102779
2020-10-05,100.22000122070312,101.1999969482422,100.22000122070312,101.18000030517578,95.61433410644533,69700,1.1140717974583079
2020-10-06,101.22000122070312,101.6999969482422,99.77999877929688,99.97000122070312,94.47090911865234,42100,1.1007487508987557
2020-10-07,100.75,101.55999755859376,100.75,101.36000061035156,95.78443908691406,53800,1.1160537431286515
2020-10-08,101.87000274658205,102.1999969482422,101.7699966430664,102.11000061035156,96.4931869506836,33400,1.124311836087473
2020-10-09,102.61000061035156,103.0,102.52999877929688,102.9000015258789,97.23973083496094,28600,1.133010370751445
2020-10-12,103.58999633789062,104.5199966430664,103.5500030517578,104.1999969482422,98.4682159423828,19700,1.1473243481433364
2020-10-13,103.8499984741211,103.88999938964844,103.30999755859376,103.56999969482422,97.87287139892578,25200,1.1403875802999657
2020-10-14,103.70999908447266,104.0,102.87000274658205,102.93000030517578,97.26807403564452,19400,1.1333406810288913
2020-10-15,101.44000244140624,102.58999633789062,101.44000244140624,102.5,96.86172485351562,17200,1.128606037705607
2020-10-16,102.95999908447266,103.44000244140624,102.61000061035156,102.62000274658205,96.97512817382812,116800,1.1299273628210582
2020-10-19,103.01000213623048,103.2699966430664,101.1999969482422,101.38999938964844,95.81278228759766,100300,1.116384053406098
2020-10-20,101.9000015258789,102.69000244140624,101.7699966430664,101.8499984741211,96.24748229980467,20000,1.1214490070068286
2020-10-21,101.77999877929688,102.37000274658205,101.41999816894533,101.44000244140624,95.86003875732422,76700,1.1169346265389521
2020-10-22,101.51000213623048,102.0199966430664,100.87999725341795,101.8499984741211,96.24748229980467,22500,1.1214490070068286
2020-10-23,102.3000030517578,102.36000061035156,101.7300033569336,102.33999633789062,96.71054077148438,27600,1.1268442708850055
2020-10-26,101.13999938964844,101.33000183105467,99.8000030517578,100.45999908447266,94.93394470214844,66000,1.1061440147769326
2020-10-27,100.48999786376952,100.5999984741211,99.94000244140624,99.95999908447266,94.4614486694336,73000,1.1006386194710516
2020-10-28,98.16999816894533,98.20999908447266,96.56999969482422,96.69000244140624,91.37132263183594,228700,1.0646333711330827
2020-10-29,96.80999755859376,98.19000244140624,96.33999633789062,97.5199966430664,92.15567779541016,66000,1.0737722634965392
2020-10-30,97.0,97.11000061035156,95.63999938964844,96.52999877929688,91.2201156616211,214800,1.0628716043124813
2020-11-02,97.5999984741211,98.08999633789062,96.83999633789062,97.66000366210938,92.28797149658205,66500,1.0753138514673983
2020-11-03,99.06999969482422,100.11000061035156,98.8000030517578,99.75,94.26300811767578,97400,1.0983263635232614
2020-11-04,100.83999633789062,102.77999877929688,100.56999969482422,101.62999725341795,96.03958129882812,69400,1.1190266196313343
2020-11-05,103.58999633789062,104.18000030517578,103.3499984741211,103.77999877929688,98.07131958007812,86900,1.1426998362477558
2020-11-06,103.87000274658205,104.3499984741211,103.47000122070312,103.91999816894533,98.20362091064452,56900,1.1442413402129494
2020-11-09,107.97000122070312,108.2699966430664,105.33000183105467,105.48999786376952,99.68724822998048,88000,1.1615282781131888
2020-11-10,105.62000274658205,106.06999969482422,104.9800033569336,105.7300033569336,99.91405487060548,46100,1.1641709283440913
2020-11-11,106.36000061035156,106.61000061035156,106.02999877929688,106.47000122070312,100.61334991455078,106000,1.1723188898752088
2020-11-12,106.05999755859376,106.26000213623048,104.91999816894533,105.37000274658205,99.57386016845705,71600,1.1602070370034039
2020-11-13,105.87999725341795,106.76000213623048,105.87999725341795,106.68000030517578,100.81180572509766,36600,1.174631145822999
2020-11-16,107.6999969482422,107.93000030517578,107.27999877929688,107.93000030517578,101.9930419921875,28900,1.1883946340877014
2020-11-17,107.44000244140624,108.02999877929688,107.05999755859376,107.63999938964844,101.718994140625,26800,1.1852014947296106
2020-11-18,107.8499984741211,108.0999984741211,106.72000122070312,106.72000122070312,100.84960174560548,142700,1.1750715875281492
2020-11-19,106.6500015258789,107.41999816894533,106.41999816894533,107.37000274658205,101.46385192871094,16800,1.182228618226928
2020-11-20,107.4000015258789,107.45999908447266,107.01000213623048,107.05999755859376,101.17089080810548,36700,1.1788152160134289
2020-11-23,107.62999725341795,107.86000061035156,106.91000366210938,107.45999908447266,101.54888153076172,57700,1.1832195490592667
2020-11-24,108.4000015258789,109.20999908447266,108.12999725341795,109.16000366210938,103.1553955078125,65700,1.2019379435026616
2020-11-25,108.97000122070312,109.26000213623048,108.58000183105467,109.06999969482422,103.07032775878906,69500,1.2009469286646568
2020-11-27,109.4499969482422,109.70999908447266,109.33000183105467,109.55999755859376,103.53337097167967,97600,1.206342192542834
2020-11-30,109.37000274658205,109.5500030517578,108.3499984741211,108.94000244140624,102.94747924804688,986900,1.1995155561271673
2020-12-01,109.94000244140624,110.44000244140624,109.80999755859376,110.12000274658205,104.06257629394533,161900,1.2125082924092734
2020-12-02,109.63999938964844,110.26000213623048,109.47000122070312,110.2300033569336,104.16653442382812,33600,1.2137194860970204
2020-12-03,110.43000030517578,110.83999633789062,110.2300033569336,110.31999969482422,104.2515640258789,60000,1.2147104169293594
2020-12-04,110.73999786376952,111.41999816894533,110.73999786376952,111.41999816894533,105.2910614013672,125300,1.2268222698011646
2020-12-07,111.02999877929688,111.2699966430664,110.7300033569336,111.01000213623048,104.9036102294922,160700,1.2223078893332884
2020-12-08,110.69000244140624,111.4800033569336,110.5500030517578,111.37000274658205,105.24381256103516,167200,1.226271780673976
2020-12-09,111.83000183105467,112.02999877929688,110.33000183105467,110.68000030517578,104.59176635742188,60100,1.2186743082700469
2020-12-10,110.08000183105467,111.0,109.91000366210938,110.77999877929688,104.68626403808594,67400,1.21977537053009
2020-12-11,110.33999633789062,110.62999725341795,109.8499984741211,110.47000122070312,104.39331817626952,747200,1.216362052322257
2020-12-14,110.6999969482422,110.8000030517578,109.6500015258789,109.66999816894533,104.38760375976562,92900,1.2075533862305812
2020-12-15,110.31999969482422,110.97000122070312,110.0500030517578,110.86000061035156,105.52029418945312,100800,1.2206562539403907
2020-12-16,111.25,111.38999938964844,110.79000091552734,111.12000274658205,105.76776123046876,113800,1.2235190830210354
2020-12-17,111.8499984741211,112.0199966430664,111.69000244140624,111.9800033569336,106.58634948730467,30000,1.2329883696676038
2020-12-18,112.05999755859376,112.30999755859376,111.04000091552734,111.63999938964844,106.26272583007812,162300,1.2292446571766587
2020-12-21,109.91000366210938,111.0500030517578,109.1500015258789,110.87999725341795,105.5393295288086,166200,1.220876432790133
2020-12-22,110.93000030517578,110.97000122070312,110.31999969482422,110.8000030517578,105.46318817138672,128100,1.219995633385498
2020-12-23,111.37000274658205,111.56999969482422,111.12999725341795,111.12999725341795,105.77728271484376,44400,1.2236291304430735
2020-12-24,111.2300033569336,111.44000244140624,111.0500030517578,111.44000244140624,106.07234954833984,37600,1.2270425326565724
2020-12-28,112.41999816894533,112.5199966430664,112.0500030517578,112.0999984741211,106.7005615234375,83100,1.2343096107773892
2020-12-29,112.94000244140624,112.94000244140624,112.01000213623048,112.13999938964844,106.73863983154295,45600,1.2347500524825397
2020-12-30,112.62999725341795,112.81999969482422,112.29000091552734,112.29000091552734,106.88141632080078,63500,1.2364016878754371
2020-12-31,112.37999725341795,112.5500030517578,112.0,112.41000366210938,106.99564361572266,300200,1.237723012990888
2021-01-04,113.52999877929688,113.7699966430664,110.62000274658205,111.62999725341795,106.25320434570312,187100,1.2291345257489545
2021-01-05,111.51000213623048,112.70999908447266,111.51000213623048,112.48999786376952,107.07177734375,120300,1.238603812395523
2021-01-06,112.12000274658205,114.18000030517578,112.12000274658205,113.16999816894533,107.7190170288086,83600,1.2460911533717483
2021-01-07,113.86000061035156,114.70999908447266,113.86000061035156,114.47000122070312,108.95640563964844,28600,1.260405214769305
2021-01-08,115.1500015258789,115.30999755859376,114.05999755859376,115.30999755859376,109.75594329833984,84400,1.2696542385604657
2021-01-11,113.88999938964844,114.77999877929688,113.87000274658205,114.25,108.74700927734376,92500,1.2579828273938107
2021-01-12,114.22000122070312,114.73999786376952,113.7699966430664,114.56999969482422,109.05158996582033,61200,1.261506277029348
2021-01-13,114.47000122070312,114.9499969482422,114.38999938964844,114.75,109.22293090820312,55000,1.2634882226996917
2021-01-14,115.0,115.20999908447266,114.58999633789062,114.66000366210938,109.13726806640624,81800,1.2624972918673527
2021-01-15,113.95999908447266,114.11000061035156,112.9800033569336,113.5500030517578,108.08072662353516,139500,1.2502753075678434
2021-01-19,114.37999725341795,114.7300033569336,113.95999908447266,114.47000122070312,108.95640563964844,123600,1.260405214769305
2021-01-20,115.04000091552734,115.9000015258789,114.93000030517578,115.81999969482422,110.24139404296876,51800,1.2752697652940506
2021-01-21,115.9800033569336,116.11000061035156,115.5199966430664,115.8000030517578,110.22235107421876,44100,1.275049586444308
2021-01-22,115.01000213623048,115.6999969482422,115.01000213623048,115.3499984741211,109.79402160644533,122700,1.270094680265616
2021-01-25,115.3499984741211,115.6500015258789,114.0199966430664,115.62000274658205,110.051025390625,76700,1.2730676407739645
2021-01-26,115.97000122070312,116.0,115.30999755859376,115.45999908447266,109.89873504638672,30700,1.271305873953363
2021-01-27,114.08000183105467,114.08000183105467,112.23999786376952,112.69000244140624,107.26215362548828,42400,1.2408060209212748
2021-01-28,113.01000213623048,114.6999969482422,113.01000213623048,113.47000122070312,108.0045928955078,150500,1.249394424157543
2021-01-29,112.81999969482422,113.02999877929688,111.02999877929688,111.48999786376952,106.11994171142578,521000,1.227593021783761
2021-02-01,112.48999786376952,113.43000030517578,112.05999755859376,113.16999816894533,107.7190170288086,121900,1.2460911533717483
2021-02-02,113.98999786376952,114.91000366210938,113.98999786376952,114.5999984741211,109.08014678955078,316400,1.2618365873067943
2021-02-03,114.9499969482422,115.18000030517578,114.33999633789062,114.75,109.22293090820312,50100,1.2634882226996917
2021-02-04,114.9800033569336,115.75,114.8499984741211,115.75,110.1747589111328,44800,1.2744990133114538
2021-02-05,116.38999938964844,116.38999938964844,115.83999633789062,116.1999969482422,110.60308074951172,71400,1.2794538354844807
2021-02-08,116.88999938964844,117.18000030517578,116.68000030517578,117.11000061035156,111.46924591064452,37400,1.2894736952639034
2021-02-09,117.12000274658205,117.55999755859376,117.04000091552734,117.43000030517578,111.77383422851562,49900,1.2929971448994406
2021-02-10,117.9000015258789,118.02999877929688,117.02999877929688,117.30999755859376,111.6596221923828,15500,1.2916758197839897
2021-02-11,117.94000244140624,117.94000244140624,117.1500015258789,117.70999908447266,112.04035949707033,22600,1.2960801528298274
2021-02-12,117.55999755859376,118.37000274658205,117.4800033569336,118.27999877929688,112.58289337158205,35700,1.3023563001183052
2021-02-16,118.9000015258789,119.36000061035156,118.2699966430664,118.55999755859376,112.84940338134766,67200,1.3054393080486921
2021-02-17,118.0,118.36000061035156,117.4800033569336,118.36000061035156,112.65904998779295,45700,1.3032371835286058
2021-02-18,117.5999984741211,117.88999938964844,116.83999633789062,117.73999786376952,112.06890869140624,45000,1.2964104631072737
2021-02-19,118.06999969482422,118.37999725341795,117.7300033569336,117.73999786376952,112.06890869140624,36500,1.2964104631072737
2021-02-22,116.62000274658205,117.68000030517578,116.62000274658205,116.97000122070312,111.33600616455078,67300,1.28793219129871
2021-02-23,116.20999908447266,117.38999938964844,114.91999816894533,116.95999908447266,111.32647705078124,40500,1.287822059871006
2021-02-24,116.5999984741211,118.08000183105467,116.16999816894533,117.88999938964844,112.21168518066406,35400,1.2980620985001712
2021-02-25,117.83999633789062,118.11000061035156,114.9499969482422,115.37999725341795,109.82257843017578,68200,1.270424990543062
2021-02-26,115.4800033569336,115.6999969482422,113.93000030517578,114.2699966430664,108.76605224609376,157400,1.2582030062435532
2021-03-01,115.7699966430664,117.16000366210938,115.7699966430664,116.87999725341795,111.25032806396484,24200,1.286941176460705
2021-03-02,117.08000183105467,117.1500015258789,116.25,116.43000030517578,110.82200622558594,101000,1.2819863542876786
2021-03-03,116.16000366210938,116.19000244140624,114.77999877929688,114.81999969482422,109.28955841064452,43700,1.2642589746822885
2021-03-04,114.86000061035156,115.5500030517578,112.41000366210938,113.44000244140624,107.9760284423828,27700,1.2490641138800964
2021-03-05,114.5,115.20999908447266,112.1999969482422,115.0500030517578,109.50847625732422,48800,1.2667914934854865
2021-03-08,115.1999969482422,115.91999816894533,114.4000015258789,114.4800033569336,108.96593475341795,109700,1.260515346197009
2021-03-09,115.80999755859376,116.87999725341795,115.66999816894533,116.26000213623048,110.66019439697266,57600,1.2801145400450389
2021-03-10,116.98999786376952,117.31999969482422,116.5,116.91999816894533,111.28839874267578,35800,1.2873816181658557
2021-03-11,117.6500015258789,118.4499969482422,117.5,118.01000213623048,112.3259048461914,38400,1.2993834236156225
2021-03-12,117.58999633789062,118.12000274658205,117.22000122070312,118.11000061035156,112.42108917236328,262400,1.3004844858756655
2021-03-15,118.11000061035156,118.73999786376952,117.58000183105467,118.62999725341795,112.91603088378906,32100,1.3062100600312887
2021-03-16,119.0,119.12999725341795,118.3499984741211,118.79000091552734,113.0683364868164,459700,1.3079718268518903
2021-03-17,118.16999816894533,119.36000061035156,117.8000030517578,119.20999908447266,113.46810913085938,49600,1.3125963387474704
2021-03-18,118.38999938964844,119.0,117.30999755859376,117.5500030517578,111.8880615234375,85200,1.2943184700148915
2021-03-19,117.48999786376952,117.95999908447266,116.6999969482422,117.58999633789062,111.92613983154295,38300,1.2947588277143764
2021-03-22,117.5199966430664,118.63999938964844,117.5199966430664,118.0999984741211,112.41156005859376,295200,1.3003743544479613
2021-03-23,117.76000213623048,118.0999984741211,116.83999633789062,117.0,111.3645477294922,81600,1.2882625015761564
2021-03-24,117.29000091552734,117.66999816894533,116.36000061035156,116.36000061035156,110.75537109375,55600,1.2812156023050818
2021-03-25,116.06999969482422,117.16999816894533,115.41000366210938,117.02999877929688,111.39310455322266,157800,1.2885928118536027
2021-03-26,117.44000244140624,118.8000030517578,117.19000244140624,118.5,112.79229736328124,108800,1.3047786874937994
2021-03-29,118.04000091552734,118.62999725341795,117.62000274658205,118.33999633789062,112.64000701904295,108200,1.3030169206731979
2021-03-30,117.87999725341795,118.27999877929688,117.68000030517578,118.08000183105467,112.39253997802734,31000,1.3001541755982189
2021-03-31,118.0999984741211,118.88999938964844,118.0999984741211,118.48999786376952,112.78277587890624,232300,1.304668556066095
2021-04-01,119.16000366210938,119.87000274658205,119.08999633789062,119.77999877929688,114.01065063476562,131900,1.3188724860359482
2021-04-05,120.56999969482422,121.5999984741211,120.56999969482422,121.41999816894533,115.57164764404295,41300,1.3369301759187848
2021-04-06,121.04000091552734,121.4499969482422,120.9000015258789,121.12000274658205,115.2861099243164,273800,1.3336269891386556
2021-04-07,121.12000274658205,121.37999725341795,121.04000091552734,121.19000244140624,115.35272979736328,29900,1.334397741121252
2021-04-08,121.7300033569336,122.0999984741211,121.56999969482422,122.02999877929688,116.15226745605467,105700,1.3436467649124129
2021-04-09,121.9499969482422,122.73999786376952,121.94000244140624,122.55999755859376,116.65674591064452,206700,1.3494824704957402
2021-04-12,122.47000122070312,122.56999969482422,122.11000061035156,122.4800033569336,116.5806121826172,150600,1.348601671091105
2021-04-13,122.58000183105467,123.19000244140624,122.5199966430664,123.11000061035156,117.18025207519533,46100,1.3555384389344756
2021-04-14,123.08999633789062,123.37000274658205,122.56999969482422,122.69000244140624,116.78048706054688,130600,1.350913927038895
2021-04-15,123.58000183105467,124.02999877929688,123.45999908447266,124.01000213623048,118.03690338134766,146200,1.3654481672861947
2021-04-16,124.48999786376952,124.66000366210938,124.0,124.44000244140624,118.4461898803711,80800,1.3701828106094787
2021-04-19,124.36000061035156,124.44000244140624,123.62999725341795,123.93000030517578,117.96075439453124,40700,1.3645672838758938
2021-04-20,123.31999969482422,123.45999908447266,122.31999969482422,122.70999908447266,116.7995147705078,51200,1.3511341058886375
2021-04-21,122.5199966430664,123.87999725341795,122.33000183105467,123.7699966430664,117.80846405029295,105400,1.3628055170552922
2021-04-22,123.8000030517578,124.22000122070312,122.77999877929688,122.91999816894533,116.99940490722656,198200,1.3534463618364279
2021-04-23,123.26000213623048,124.61000061035156,123.26000213623048,124.22000122070312,118.23677825927734,25500,1.3677604232339846
2021-04-26,124.47000122070312,124.66999816894533,124.31999969482422,124.45999908447266,118.46524047851562,32300,1.3704029894592211
2021-04-27,124.41999816894533,124.55999755859376,124.01000213623048,124.37000274658205,118.37957763671876,84200,1.369412058626882
2021-04-28,124.44000244140624,124.83999633789062,124.27999877929688,124.4499969482422,118.45570373535156,48700,1.3702928580315172
2021-04-29,125.30999755859376,125.5,123.91000366210938,124.8499984741211,118.83643341064452,554900,1.374697191077355
2021-04-30,124.18000030517578,124.3499984741211,123.45999908447266,123.61000061035156,117.65615844726562,172800,1.3610438342403566
2021-05-03,124.55999755859376,124.8499984741211,124.1999969482422,124.26000213623048,118.27487182617188,82900,1.368200864939135
2021-05-04,123.4000015258789,123.48999786376952,122.13999938964844,123.05999755859376,117.13265991210938,210100,1.3549878658016212
2021-05-05,123.97000122070312,124.0500030517578,123.38999938964844,123.5500030517578,117.5990753173828,38900,1.3603832136854637
2021-05-06,123.7699966430664,124.51000213623048,123.26000213623048,124.51000213623048,118.51282501220705,44400,1.3709535625920757
2021-05-07,124.83999633789062,125.79000091552734,124.83999633789062,125.7300033569336,119.67405700683594,56700,1.3843867405793315
2021-05-10,125.88999938964844,125.88999938964844,124.54000091552734,124.61000061035156,118.6080093383789,46800,1.3720546248521186
2021-05-11,122.7300033569336,123.52999877929688,122.23999786376952,123.30999755859376,117.37062072753906,136000,1.3577405634545618
2021-05-12,122.41999816894533,122.91999816894533,120.75,120.83999633789062,115.01960754394533,75300,1.330543897202603
2021-05-13,121.12999725341795,122.58000183105467,121.12999725341795,122.19000244140624,116.3045654296875,151000,1.345408531733014
2021-05-14,122.95999908447266,124.20999908447266,122.95999908447266,124.1500015258789,118.170166015625,42900,1.3669896712513878
2021-05-17,123.69000244140624,123.87999725341795,123.16000366210938,123.70999908447266,117.75135040283205,250000,1.3621448965003995
2021-05-18,124.16000366210938,124.27999877929688,123.31999969482422,123.33000183105467,117.38966369628906,67400,1.3579608263099694
2021-05-19,121.75,122.66000366210938,121.26000213623048,122.66000366210938,116.75192260742188,108600,1.350583616761449
2021-05-20,123.19000244140624,124.48999786376952,123.19000244140624,124.16999816894533,118.18920135498048,91700,1.3672098501011303
2021-05-21,124.6999969482422,124.87999725341795,124.0199966430664,124.18000030517578,118.19871520996094,33400,1.3673199815288342
2021-05-24,124.69000244140624,125.51000213623048,124.69000244140624,125.3000030517578,119.26477813720705,13600,1.379652097256047
2021-05-25,125.68000030517578,125.75,124.97000122070312,125.05999755859376,119.03632354736328,193100,1.3770094470251453
2021-05-26,125.23999786376952,125.36000061035156,124.93000030517578,125.23999786376952,119.20765686035156,19300,1.3789913926954889
2021-05-27,125.61000061035156,125.69000244140624,125.33999633789062,125.3499984741211,119.31236267089844,62600,1.3802025863832361
2021-05-28,125.76000213623048,126.0500030517578,125.58000183105467,125.5999984741211,119.55030822753906,201100,1.3829552840361765
2021-06-01,126.43000030517578,126.5500030517578,125.66000366210938,125.7300033569336,119.67405700683594,25900,1.3843867405793315
2021-06-02,125.95999908447266,126.19000244140624,125.72000122070312,125.9499969482422,119.88346099853516,107700,1.3868090439491603
2021-06-03,125.26000213623048,125.5999984741211,124.98999786376952,125.43000030517578,119.38851165771484,33700,1.3810834697935368
2021-06-04,126.1500015258789,126.66999816894533,126.13999938964844,126.58000183105467,120.48311614990234,209900,1.393745895798196
2021-06-07,126.7699966430664,126.83000183105467,126.44000244140624,126.79000091552734,120.68301391601562,31500,1.3960581517459865
2021-06-08,127.0500030517578,127.0500030517578,126.36000061035156,126.8000030517578,120.6925277709961,54200,1.3961682831736901
2021-06-09,126.9800033569336,126.98999786376952,126.54000091552734,126.58000183105467,120.48311614990234,22600,1.393745895798196
2021-06-10,125.95999908447266,126.3499984741211,125.55999755859376,126.08000183105467,120.9599380493164,32000,1.388240500492315
2021-06-11,126.27999877929688,126.44000244140624,125.94000244140624,126.44000244140624,121.3053207397461,43000,1.3922043918330027
2021-06-14,126.4499969482422,126.70999908447266,126.16999816894533,126.66000366210938,121.5163803100586,37600,1.394626779208497
2021-06-15,126.81999969482422,126.93000030517578,126.16000366210938,126.41000366210938,121.27653503417967,244800,1.3918740815555564
2021-06-16,126.56999969482422,126.61000061035156,125.16999816894533,125.73999786376952,120.6337432861328,38200,1.3844967880013699
2021-06-17,125.33999633789062,125.73999786376952,124.7699966430664,125.52999877929688,120.43226623535156,94400,1.3821845320535797
2021-06-18,124.18000030517578,124.26000213623048,123.58999633789062,123.61000061035156,118.5902328491211,120100,1.3610438342403566
2021-06-21,124.2300033569336,125.31999969482422,123.95999908447266,125.27999877929688,120.1924285888672,60500,1.3794318344006393
2021-06-22,125.16000366210938,125.98999786376952,124.9800033569336,125.73999786376952,120.6337432861328,81300,1.3844967880013699
2021-06-23,125.83000183105467,125.94000244140624,125.41999816894533,125.41999816894533,120.32673645019533,38000,1.380973338365833
2021-06-24,126.31999969482422,126.44000244140624,126.20999908447266,126.41999816894533,121.2861328125,47900,1.391984128977595
2021-06-25,126.68000030517578,126.80999755859376,126.52999877929688,126.75,121.60272979736328,20400,1.395617710040836
2021-06-28,126.75,126.7699966430664,126.33000183105467,126.68000030517578,121.53557586669922,595900,1.3948469580582392
2021-06-29,126.93000030517578,126.9499969482422,126.58000183105467,126.77999877929688,121.63151550292967,57200,1.3959480203182824
2021-06-30,126.4499969482422,126.5999984741211,126.3000030517578,126.56999969482422,121.43003845214844,82900,1.3936357643704922
2021-07-01,126.75,127.06999969482422,126.51000213623048,127.05999755859376,121.90013122558594,281500,1.3990310282486693
2021-07-02,127.29000091552734,127.8499984741211,127.16000366210938,127.83999633789062,122.6484603881836,28600,1.407619431484937
2021-07-06,127.91000366210938,127.91000366210938,126.6999969482422,127.4800033569336,122.30309295654295,105200,1.4036556241499152
2021-07-07,127.83000183105467,127.9499969482422,127.22000122070312,127.9499969482422,122.75399017333984,74800,1.4088306251726843
2021-07-08,126.0,126.80999755859376,125.87000274658205,126.5199966430664,121.38206481933594,170900,1.3930851912376379
2021-07-09,127.4499969482422,128.2899932861328,127.36000061035156,128.22000122070312,123.01303100585938,89300,1.4118035856810327
2021-07-12,128.3000030517578,128.77999877929688,128.19000244140625,128.77000427246094,123.54070281982422,45800,1.417859554119768
2021-07-13,128.47999572753906,128.7899932861328,128.10000610351562,128.10000610351562,122.89791107177734,32400,1.4104823445712473
2021-07-14,128.8300018310547,128.92999267578125,128.11000061035156,128.39999389648438,123.18572235107422,198500,1.4137854473457108
2021-07-15,127.5999984741211,128.02999877929688,127.1999969482422,127.6999969482422,122.51414489746094,68000,1.4060779275197437
2021-07-16,128.00999450683594,128.00999450683594,126.72000122070312,126.7699966430664,121.62191772460938,38500,1.3958378888905782
2021-07-19,125.25,125.25,124.12000274658205,124.81999969482422,119.7511215209961,221700,1.3743668807999088
2021-07-20,125.02999877929688,126.75,124.6999969482422,126.41000366210938,121.27653503417967,139100,1.3918740815555564
2021-07-21,127.02999877929688,127.79000091552734,126.91000366210938,127.79000091552734,122.60050201416016,65600,1.4070689423577485
2021-07-22,127.95999908447266,128.02999877929688,127.4800033569336,127.98999786376952,122.7923812866211,164800,1.4092710668778343
2021-07-23,128.75,129.27000427246094,128.52999877929688,129.19000244140625,123.94364166259766,35300,1.4224840660153484
2021-07-26,129.05999755859375,129.36000061035156,129.00999450683594,129.27000427246094,124.02039337158205,169600,1.423364949425649
2021-07-27,129.0500030517578,129.0500030517578,127.98999786376952,128.82000732421875,123.58867645263672,101200,1.4184101272526224
2021-07-28,129.02000427246094,129.27999877929688,128.6199951171875,129.0500030517578,123.80933380126952,135000,1.420942562050155
2021-07-29,129.57000732421875,130.0,129.57000732421875,129.72000122070312,124.4521255493164,101300,1.4283197715986757
2021-07-30,129.0,129.47999572753906,128.77000427246094,128.8300018310547,123.5982666015625,38200,1.4185201746746607
2021-08-02,129.6699981689453,129.75999450683594,128.85000610351562,129.02999877929688,123.7901382446289,83900,1.4207222991947468
2021-08-03,129.35000610351562,129.94000244140625,128.6699981689453,129.8800048828125,124.60562133789062,82200,1.430081538419277
2021-08-04,129.69000244140625,129.8699951171875,129.44000244140625,129.47000122070312,124.2122802734375,51800,1.4255670739457351
2021-08-05,129.85000610351562,130.27999877929688,129.85000610351562,130.25999450683594,124.97018432617188,99800,1.4342655246040414
2021-08-06,130.2899932861328,130.3800048828125,129.94000244140625,130.0500030517578,124.76871490478516,117800,1.431953352661917
2021-08-09,130.25999450683594,130.25999450683594,129.8300018310547,130.07000732421875,124.78792572021484,37600,1.432173615517325
2021-08-10,130.2100067138672,130.35000610351562,130.02000427246094,130.22000122070312,124.93182373046876,22500,1.4338251669045567
2021-08-11,130.8000030517578,130.88999938964844,130.3300018310547,130.69000244140625,125.38272857666016,178400,1.4390002519329914
2021-08-12,130.67999267578125,131.0,130.33999633789062,130.9600067138672,125.64176177978516,68800,1.4419732124413398
2021-08-13,131.2899932861328,131.38999938964844,131.07000732421875,131.36000061035156,126.02552795410156,176100,1.4463774614815121
2021-08-16,130.83999633789062,131.33999633789062,130.30999755859375,131.32000732421875,125.98714447021484,37000,1.4459371037820274
2021-08-17,130.39999389648438,130.57000732421875,129.52000427246094,130.32000732421875,125.02776336669922,199000,1.4349263131702654
2021-08-18,130.10000610351562,130.4199981689453,129.16000366210938,129.25,124.0011978149414,72100,1.423144686570241
2021-08-19,128.07000732421875,129.16000366210938,127.93000030517578,128.77000427246094,123.54070281982422,77800,1.417859554119768
2021-08-20,128.77999877929688,129.72000122070312,128.75999450683594,129.6999969482422,124.43292999267578,90400,1.4280995087432677
2021-08-23,130.35000610351562,131.10000610351562,130.35000610351562,130.92999267578125,125.61297607421876,165000,1.4416427341525622
2021-08-24,131.11000061035156,131.4199981689453,130.97000122070312,131.19000244140625,125.86241912841795,72800,1.4445056472388724
2021-08-25,131.25,131.5800018310547,130.9199981689453,131.39999389648438,126.06388092041016,34200,1.4468178191809968
2021-08-26,131.27999877929688,131.33999633789062,130.6199951171875,130.6999969482422,125.39231872558594,77700,1.4391102993550298
2021-08-27,130.8800048828125,131.94000244140625,130.8800048828125,131.8300018310547,126.4764404296875,58600,1.4515525465099468
2021-08-30,132.0500030517578,132.42999267578125,131.9199981689453,132.22000122070312,126.85060119628906,89600,1.4558467481280808
2021-08-31,132.3800048828125,132.63999938964844,131.92999267578125,132.02000427246094,126.6587142944336,163100,1.4536446236079945
2021-09-01,132.5800018310547,132.77999877929688,132.35000610351562,132.4499969482422,127.07123565673828,125700,1.4583791829256132
2021-09-02,132.94000244140625,133.10000610351562,132.57000732421875,132.8699951171875,127.47418212890624,97700,1.4630036948211935
2021-09-03,132.8000030517578,133.22000122070312,132.7100067138672,133.0500030517578,127.64688873291016,60000,1.4649857244972029
2021-09-07,133.11000061035156,133.1300048828125,132.63999938964844,132.7100067138672,127.3207015991211,59900,1.4612420960119235
2021-09-08,132.47000122070312,132.5500030517578,131.8300018310547,132.2899932861328,126.91775512695312,57100,1.4566174161050118
2021-09-09,132.24000549316406,132.7100067138672,131.74000549316406,131.83999633789062,126.48602294921876,22600,1.4516625939319852
2021-09-10,132.64999389648438,132.64999389648438,130.9499969482422,131.08999633789062,125.76647186279295,60300,1.4434045009731635
2021-09-13,132.07000732421875,132.10000610351562,130.8699951171875,131.5399932861328,126.19820404052734,140100,1.4483593231461902
2021-09-14,131.8699951171875,132.1300048828125,130.6999969482422,130.91000366210938,125.59380340576172,147700,1.4414226393084855
2021-09-15,130.97000122070312,131.8800048828125,130.77999877929688,131.6999969482422,126.35171508789062,46800,1.4501210899667918
2021-09-16,131.50999450683594,131.75999450683594,130.7899932861328,131.50999450683594,126.16941833496094,252500,1.4480290128687439
2021-09-17,130.99000549316406,131.02000427246094,130.00999450683594,130.16000366210938,124.87425231933594,50800,1.433164546349664
2021-09-20,127.95999908447266,128.27999877929688,126.48999786376952,127.95999908447266,122.76359558105467,109900,1.4089407566003882
2021-09-21,128.8300018310547,129.27999877929688,128.0399932861328,128.17999267578125,122.9746551513672,71700,1.4113630599702167
2021-09-22,128.91000366210938,129.99000549316406,128.74000549316406,129.30999755859375,124.05876922607422,101800,1.4238053071251338
2021-09-23,130.0500030517578,131.1999969482422,130.0500030517578,130.80999755859375,125.49786376953124,216000,1.4403214930427768
2021-09-24,130.05999755859375,130.72999572753906,130.05999755859375,130.5800018310547,125.2771987915039,181300,1.4377890582452444
2021-09-27,130.25,130.57000732421875,130.0,130.30999755859375,125.01815032958984,102100,1.4348160977368958
2021-09-28,129.1199951171875,129.16000366210938,127.27999877929688,127.52999877929688,122.35105895996094,122900,1.4042061132771038
2021-09-29,128.02000427246094,128.27000427246094,127.36000061035156,127.5199966430664,122.3414535522461,77800,1.4040959818493999
2021-09-30,127.97000122070312,128.05999755859375,126.41999816894533,126.45999908447266,121.3245086669922,177100,1.3924245706827452
2021-10-01,126.81999969482422,127.80999755859376,125.7699966430664,127.48999786376952,122.31267547607422,125300,1.4037656715719533
2021-10-04,127.1500015258789,127.16999816894533,125.30999755859376,126.01000213623048,120.8927764892578,88900,1.3874697485097187
2021-10-05,126.41000366210938,127.6500015258789,126.16000366210938,127.0199966430664,121.86175537109376,92500,1.3985905865435189
2021-10-06,125.75,127.27999877929688,125.2699966430664,127.2699966430664,122.10162353515624,205600,1.4013432841964593
2021-10-07,128.1999969482422,129.07000732421875,128.11000061035156,128.33999633789062,123.12815856933594,108600,1.413124826790818
2021-10-08,128.7100067138672,128.8699951171875,128.02000427246094,128.1999969482422,122.99383544921876,30600,1.4115833228256247
2021-10-11,128.25999450683594,128.8300018310547,127.38999938964844,127.5199966430664,122.3414535522461,34500,1.4040959818493999
2021-10-12,127.75,127.88999938964844,127.25,127.3000030517578,122.13040161132812,95300,1.4016736784795711
2021-10-13,127.81999969482422,128.2100067138672,127.2699966430664,128.02000427246094,122.82115936279295,75000,1.4096014611609466
2021-10-14,129.22999572753906,130.05999755859375,129.2100067138672,130.05999755859375,124.7782974243164,35000,1.4320634000839552
2021-10-15,130.75999450683594,131.07000732421875,130.52999877929688,131.0,125.68013763427734,78500,1.4424135701408245
2021-10-18,130.32000732421875,131.24000549316406,130.19000244140625,131.19000244140625,125.86241912841795,161500,1.4445056472388724
2021-10-19,131.69000244140625,132.14999389648438,131.55999755859375,132.11000061035156,126.74507904052734,57700,1.4546355544403338
2021-10-20,132.30999755859375,132.67999267578125,132.25,132.52000427246094,127.13841247558594,63500,1.4591500189138755
2021-10-21,132.30999755859375,132.6699981689453,132.16000366210938,132.64999389648438,127.26312255859376,47200,1.4605813074456995
2021-10-22,132.8300018310547,133.11000061035156,132.16000366210938,132.74000549316406,127.3494873046875,25300,1.4615724062893698
2021-10-25,132.92999267578125,133.27000427246094,132.41000366210938,133.11000061035156,127.70445251464844,52200,1.4656463450520958
2021-10-26,133.63999938964844,133.92999267578125,133.16000366210938,133.2899932861328,127.87713623046876,54500,1.4676282067167739
2021-10-27,133.41000366210938,133.47000122070312,132.60000610351562,132.6300048828125,127.2439422607422,105700,1.4603612126016228
2021-10-28,133.10000610351562,133.92999267578125,133.02000427246094,133.86000061035156,128.4239959716797,55100,1.4739044380109172
2021-10-29,133.1300048828125,133.83999633789062,133.1300048828125,133.83999633789062,128.40480041503906,21800,1.4736841751555092
2021-11-01,134.27999877929688,134.47000122070312,133.85000610351562,134.41000366210938,128.95166015625,209900,1.4799604064496525
2021-11-02,134.38999938964844,134.75999450683594,134.22000122070312,134.69000244140625,129.22030639648438,281400,1.4830434143800395
2021-11-03,134.58999633789062,135.66000366210938,134.4199981689453,135.6199951171875,130.1125030517578,369600,1.493283369003539
2021-11-04,135.72999572753906,135.97000122070312,135.4600067138672,135.9199981689453,130.40032958984375,137600,1.496586639789334
2021-11-05,136.5500030517578,136.7100067138672,135.89999389648438,136.36000061035156,130.82247924804688,106400,1.5014314145403223
2021-11-08,136.63999938964844,136.75,136.2899932861328,136.4499969482422,130.90879821777344,320700,1.5024223453726613
2021-11-09,136.6999969482422,136.6999969482422,135.7100067138672,136.0399932861328,130.51547241210938,66800,1.4979078808991193
2021-11-10,135.69000244140625,136.00999450683594,134.4199981689453,134.6999969482422,129.22988891601562,70900,1.4831534618020779
2021-11-11,135.30999755859375,135.30999755859375,134.89999389648438,134.99000549316406,129.50808715820312,46700,1.4863466851658342
2021-11-12,135.50999450683594,136.02999877929688,135.13999938964844,136.02999877929688,130.505859375,38000,1.497797833477081
2021-11-15,136.44000244140625,136.66000366210938,135.7100067138672,135.9199981689453,130.40032958984375,65700,1.496586639789334
2021-11-16,135.9199981689453,136.60000610351562,135.8699951171875,136.25,130.71693420410156,105800,1.5002202208525752
2021-11-17,136.0,136.0800018310547,135.6999969482422,135.88999938964844,130.37155151367188,61100,1.4962563295118876
2021-11-18,136.1300048828125,136.25999450683594,135.4199981689453,136.22000122070312,130.6881561279297,67900,1.4998899105751289
2021-11-19,135.94000244140625,136.17999267578125,135.50999450683594,135.6199951171875,130.1125030517578,34800,1.493283369003539
2021-11-22,136.00999450683594,136.47000122070312,134.82000732421875,134.9199981689453,129.4409637451172,159000,1.485575849177572
2021-11-23,134.77999877929688,135.22000122070312,133.99000549316406,134.92999267578125,129.45053100585938,120500,1.4856858965996103
2021-11-24,134.08999633789062,135.07000732421875,133.77999877929688,135.02999877929688,129.54649353027344,349800,1.486787042865319
2021-11-26,132.8800048828125,133.27999877929688,131.67999267578125,132.0,126.63953399658205,95500,1.4534243607525865
2021-11-29,133.41000366210938,133.6699981689453,132.47999572753906,133.16000366210938,127.75244903564452,140300,1.4661969181849501
2021-11-30,132.50999450683594,133.10000610351562,130.6999969482422,131.10000610351562,125.7760772705078,282500,1.4435147164065334
2021-12-01,132.8300018310547,133.3000030517578,129.47000122070312,129.5500030517578,124.28902435302734,276500,1.426447957356036
2021-12-02,129.72000122070312,131.77999877929688,129.6300048828125,131.38999938964844,126.05430603027344,405700,1.4467077717589585
2021-12-03,131.9199981689453,131.9199981689453,129.1699981689453,130.39999389648438,125.10450744628906,267300,1.4358070285692348
2021-12-06,131.14999389648438,132.1300048828125,130.27999877929688,131.75,126.39967346191406,234600,1.4506716630996461
2021-12-07,133.52999877929688,134.6199951171875,133.52999877929688,134.5,129.03797912597656,132600,1.4809513372819916
2021-12-08,134.6999969482422,135.08999633789062,134.2899932861328,134.9600067138672,129.4793243408203,156100,1.486016374888388
2021-12-09,134.50999450683594,134.52999877929688,133.8000030517578,133.8000030517578,128.36642456054688,146800,1.4732438174560245
2021-12-10,134.61000061035156,134.82000732421875,133.67999267578125,134.5800018310547,129.11477661132812,374400,1.4818322206922925
2021-12-13,133.49000549316406,133.49000549316406,132.4199981689453,132.4600067138672,127.98908996582033,152400,1.4584893983589828
2021-12-14,131.63999938964844,132.17999267578125,130.8000030517578,131.39999389648438,126.9648666381836,252000,1.4468178191809968
2021-12-15,131.8000030517578,133.5800018310547,130.9499969482422,133.39999389648438,128.8973388671875,269300,1.4688394004045209
2021-12-16,134.2899932861328,134.2899932861328,132.1699981689453,132.75999450683594,128.27894592285156,185200,1.4617925011334465
2021-12-17,131.75999450683594,132.47000122070312,130.97999572753906,131.35000610351562,126.91653442382812,209800,1.4462674140594738
2021-12-20,130.08999633789062,130.27000427246094,129.22000122070312,130.25,125.85365295410156,387000,1.434155477182003
2021-12-21,131.2100067138672,132.35000610351562,130.64999389648438,132.35000610351562,127.88280487060548,607500,1.4572782046712358
2021-12-22,132.38999938964844,133.63999938964844,132.19000244140625,133.52000427246094,129.0133056640625,212300,1.4701608095256375
2021-12-23,133.97000122070312,134.8300018310547,133.77999877929688,134.47999572753906,129.94090270996094,245800,1.4807310744265836
2021-12-27,134.8000030517578,135.9600067138672,134.7899932861328,135.9600067138672,131.37094116210938,218000,1.49702716550015
2021-12-28,136.1999969482422,136.41000366210938,135.74000549316406,135.82000732421875,131.23568725585938,104700,1.4954856615349565
2021-12-29,135.75,136.16000366210938,135.58999633789062,135.91000366210938,131.3226318359375,76300,1.4964765923672956
2021-12-30,135.97999572753906,136.27999877929688,135.5399932861328,135.63999938964844,131.13604736328125,163900,1.4935036318589472
2021-12-31,135.64999389648438,135.8300018310547,135.1999969482422,135.32000732421875,130.82667541503906,122300,1.4899802662290755
2022-01-03,135.8699951171875,136.0500030517578,135.08999633789062,136.0500030517578,131.5324249267578,371900,1.498018096332489
2022-01-04,136.5500030517578,136.69000244140625,135.6199951171875,136.0500030517578,131.5324249267578,170700,1.498018096332489
2022-01-05,136.07000732421875,136.24000549316406,133.66000366210938,133.77000427246094,129.328125,109100,1.4729135071785782
2022-01-06,133.38999938964844,134.16000366210938,132.77000427246094,133.52000427246094,129.08644104003906,306000,1.4701608095256375
2022-01-07,133.25,133.74000549316406,132.60000610351562,133.19000244140625,128.76739501953125,212800,1.4665272284623965
2022-01-10,132.1199951171875,132.69000244140625,130.41000366210938,132.63999938964844,128.2356719970703,467000,1.4604712600236611
2022-01-11,132.6300048828125,134.0399932861328,132.0,134.02000427246094,129.56983947753906,346300,1.4756662048315186
2022-01-12,134.7100067138672,135.02000427246094,134.0800018310547,134.61000061035156,130.14024353027344,241900,1.4821625309697388
2022-01-13,135.05999755859375,135.11000061035156,132.80999755859375,132.97999572753906,128.56436157226562,237900,1.4642148885089405
2022-01-14,132.14999389648438,133.02000427246094,131.67999267578125,133.0,128.5836944580078,276400,1.4644351513643485
2022-01-18,131.32000732421875,131.60000610351562,130.41000366210938,130.61000061035156,126.27305603027344,599000,1.4381193685226907
2022-01-19,131.27000427246094,131.55999755859375,129.58999633789062,129.6699981689453,125.36427307128906,222300,1.4277691984658214
2022-01-20,130.2899932861328,131.50999450683594,128.41000366210938,128.4600067138672,124.1944580078125,171600,1.4144462359119347
2022-01-21,128.22999572753906,128.60000610351562,126.18000030517578,126.19000244140624,121.99983215332033,347200,1.389451694180062
2022-01-24,124.29000091552734,126.25,121.29000091552734,126.0999984741211,121.9128189086914,593500,1.3884606793420575
2022-01-25,124.4000015258789,126.08999633789062,122.97000122070312,124.8499984741211,120.7043228149414,172400,1.374697191077355
2022-01-26,126.58000183105467,127.19000244140624,123.36000061035156,124.41999816894533,120.28860473632812,190300,1.369962547754071
2022-01-27,125.51000213623048,126.16999816894533,123.4000015258789,123.76000213623048,119.65052032470705,146100,1.362695469633254
2022-01-28,123.8499984741211,125.9800033569336,122.63999938964844,125.94000244140624,121.75814056396484,363400,1.3866989965271217
2022-01-31,125.9800033569336,128.42999267578125,125.66000366210938,128.32000732421875,124.05911254882812,211600,1.4129047319467414
